<?xml version="1.0" encoding="UTF-8"?>
<project-private xmlns="http://www.netbeans.org/ns/project-private/1">
    <editor-bookmarks xmlns="http://www.netbeans.org/ns/editor-bookmarks/2" lastBookmarkId="0"/>
    <open-files xmlns="http://www.netbeans.org/ns/projectui-open-files/2">
        <group>
            <file>file:/C:/Users/Deepak%20Sawalka/Documents/NetBeansProjects/Assign2/src/model/Patient.java</file>
            <file>file:/C:/Users/Deepak%20Sawalka/Documents/NetBeansProjects/Assign2/src/ui/HouseJPanel.java</file>
            <file>file:/C:/Users/Deepak%20Sawalka/Documents/NetBeansProjects/Assign2/src/ui/PatientJFrame.java</file>
            <file>file:/C:/Users/Deepak%20Sawalka/Documents/NetBeansProjects/Assign2/src/ui/HospitalAdminJFrame.java</file>
            <file>file:/C:/Users/Deepak%20Sawalka/Documents/NetBeansProjects/Assign2/src/ui/Appointment.java</file>
            <file>file:/C:/Users/Deepak%20Sawalka/Documents/NetBeansProjects/Assign2/src/model/CommunityH.java</file>
            <file>file:/C:/Users/Deepak%20Sawalka/Documents/NetBeansProjects/Assign2/src/model/Doctor.java</file>
            <file>file:/C:/Users/Deepak%20Sawalka/Documents/NetBeansProjects/Assign2/src/model/DoctorDirectory.java</file>
            <file>file:/C:/Users/Deepak%20Sawalka/Documents/NetBeansProjects/Assign2/src/ui/CommunityJFrame.java</file>
            <file>file:/C:/Users/Deepak%20Sawalka/Documents/NetBeansProjects/Assign2/src/ui/SystemJFrame.java</file>
            <file>file:/C:/Users/Deepak%20Sawalka/Documents/NetBeansProjects/Assign2/src/ui/CityJFrame.java</file>
            <file>file:/C:/Users/Deepak%20Sawalka/Documents/NetBeansProjects/Assign2/src/ui/App.java</file>
            <file>file:/C:/Users/Deepak%20Sawalka/Documents/NetBeansProjects/Assign2/src/ui/LoginJFrame.java</file>
            <file>file:/C:/Users/Deepak%20Sawalka/Documents/NetBeansProjects/Assign2/src/ui/HospitalJPanel.java</file>
            <file>file:/C:/Users/Deepak%20Sawalka/Documents/NetBeansProjects/Assign2/src/ui/PersonJFrame.java</file>
            <file>file:/C:/Users/Deepak%20Sawalka/Documents/NetBeansProjects/Assign2/src/model/CommunityDirectoryHos.java</file>
            <file>file:/C:/Users/Deepak%20Sawalka/Documents/NetBeansProjects/Assign2/src/ui/PersonDirectoryJFrame.java</file>
            <file>file:/C:/Users/Deepak%20Sawalka/Documents/NetBeansProjects/Assign2/src/model/PersonDirectory.java</file>
            <file>file:/C:/Users/Deepak%20Sawalka/Documents/NetBeansProjects/Assign2/src/model/CommunityHos.java</file>
            <file>file:/C:/Users/Deepak%20Sawalka/Documents/NetBeansProjects/Assign2/src/ui/ViewDoctorJPanel.java</file>
            <file>file:/C:/Users/Deepak%20Sawalka/Documents/NetBeansProjects/Assign2/src/model/PatientDirectory.java</file>
            <file>file:/C:/Users/Deepak%20Sawalka/Documents/NetBeansProjects/Assign2/src/model/Person.java</file>
            <file>file:/C:/Users/Deepak%20Sawalka/Documents/NetBeansProjects/Assign2/src/model/CommunityDirectoryH.java</file>
            <file>file:/C:/Users/Deepak%20Sawalka/Documents/NetBeansProjects/Assign2/src/ui/CreateDoctorJPanel.java</file>
            <file>file:/C:/Users/Deepak%20Sawalka/Documents/NetBeansProjects/Assign2/src/ui/PatientDirectoryJFrame.java</file>
            <file>file:/C:/Users/Deepak%20Sawalka/Documents/NetBeansProjects/Assign2/src/ui/DoctorJPanel.java</file>
            <file>file:/C:/Users/Deepak%20Sawalka/Documents/NetBeansProjects/Assign2/src/model/HouseDirectory.java</file>
            <file>file:/C:/Users/Deepak%20Sawalka/Documents/NetBeansProjects/Assign2/src/ui/HouseJFrame.java</file>
            <file>file:/C:/Users/Deepak%20Sawalka/Documents/NetBeansProjects/Assign2/src/model/House.java</file>
            <file>file:/C:/Users/Deepak%20Sawalka/Documents/NetBeansProjects/Assign2/src/ui/Welcome.java</file>
        </group>
    </open-files>
</project-private>
